round,commit,title,tag,dual_pct,ok_dual,fails,fails_before,delta_pct,delta_ok,is_arch,is_flat,ok_dual_est,phase,theme
0,baseline,起点（日志前）,baseline,0.3,,,,0.0,,False,False,12,0 起点,其他
1,243ece8,一元醇中文位次补连字符(丙-1-醇),IUPAC P-15.1.7 / 中文位次格式,0.4,,,,0.1,4,False,False,16,1 开链一元 FG,新高频 FG 类
2,143333f,醇母体最长链穿过OH碳(propan-2-ol/butan-2-ol),IUPAC P-44 母体链选择,0.5,,,,0.1,4,False,False,20,1 开链一元 FG,其他
3,3352d9a,通用直链单烷基C1–C4侧链前缀贯通L3/L4/L5,IUPAC P-29.3.1,0.9,,,,0.4,17,False,False,37,1 开链一元 FG,通用前缀贯通
4,ff557f5,通用卤素前缀fluoro/chloro/bromo/iodo贯通L2/L3/L5,IUPAC P-61.3.1,1.2,,,,0.3,12,False,False,49,1 开链一元 FG,通用前缀贯通
5,4359897,倍数词头扩至penta–deca(五–十),IUPAC P-14.2.1 / P-16.3,1.2,49,4013,4014,0.0,1,False,False,49,1 开链一元 FG,词干/词表批量扩展
6,9b6c9b5,一元羧酸：L1羧基检测+排除羧基OH；L2/L4/L5 acid母体与词干,IUPAC P-65.1.1,1.5,60,4002,4013,0.3,11,False,False,60,1 开链一元 FG,新高频 FG 类
7,1bbe283,一元酮alkanone：L1酮羰基+L2/L4/L5 …-n-one/…-n-酮,IUPAC P-64.2.1,1.7,68,3994,4002,0.2,8,False,False,68,1 开链一元 FG,新高频 FG 类
8,0a577d7,一元醛alkanal：L1醛羰基+L2/L4/L5 保留formaldehyde/acetaldehyde与…anal/…醛,IUPAC P-66.6.1,1.8,74,3988,3994,0.1,6,False,False,74,1 开链一元 FG,新高频 FG 类
9,2b2c412,一元烯烃alkene：L1非芳香C=C；L2穿双键母体；L4最低ene位次；L5 ane→ene/…-n-烯,IUPAC P-31.1 / P-15.1.7.2.2,1.9,78,3984,3988,0.1,4,False,False,78,1 开链一元 FG,新高频 FG 类
10,bd8354d,一元炔烃alkyne：L1 C≡C；L2穿三键且无C=C；L4最低yne位次；L5 acetylene/propyne与…-n-yne/…-n-炔,IUPAC P-31.1,2.0,82,3980,3984,0.1,4,False,False,82,1 开链一元 FG,新高频 FG 类
11,2e8c0dd,一元酯alkyl alkanoate：L1酯检测+排除醛；L2 acid>ester>…；L5 alkyl+alkanoate/酸名+烷词干+酯,IUPAC P-65.6,2.2,90,3972,3980,0.2,8,False,False,90,1 开链一元 FG,新高频 FG 类
12,4146028,一元伯胺alkanamine：L1伯胺N(排除酰胺)；L2 alcohol>amine；L4胺位次；L5 methanamine/…-n-amine与甲胺/…-n-胺,IUPAC P-62.2.1,2.3,95,3967,3972,0.1,5,False,False,95,1 开链一元 FG,新高频 FG 类
13,acbcef4,单环烷烃cycloalkane：L1环信息；L2无取代单碳环母体；L5 cyclo+alkane/环+烷,IUPAC P-22.1.1,2.4,99,3963,3967,0.1,4,False,False,99,2 单环碳环,其他
14,66f7f22,一元伯酰胺alkanamide：L1 –CONH2+排除醛；L2 acid>ester>amide>…；L5 formamide/acetamide/…amide,IUPAC P-66.1.1,2.5,102,3960,3963,0.1,3,False,False,102,2 单环碳环,新高频 FG 类
15,682a7d6,一元腈alkanenitrile：L1 C≡N；L2穿氰基碳；L4端基定向；L5 formonitrile/acetonitrile/…nitrile与…腈,IUPAC P-66.5.1,2.6,105,3957,3960,0.1,3,False,False,105,2 单环碳环,新高频 FG 类
16,633ade7,单取代环烷 monoalkyl-cycloalkane：L2侧链+L5省略位次,IUPAC P-22.1.1 / P-14.3.4,2.7,109,3953,3957,0.1,4,False,False,109,2 单环碳环,其他
17,490d44b,未取代单环一元醇 cycloalkanol：L2环母体+L4省略位次+L5 cyclo…ol/环…醇,IUPAC P-63.1.1 / P-22.1.1,2.7,111,3951,3953,0.0,2,False,False,111,2 单环碳环,新高频 FG 类
18,7f8238a,未取代单环一元酮 cycloalkanone：L2环母体+L4酮碳定向+L5 cyclo…one/环…酮,IUPAC P-64.2.1 / P-22.1.1,2.8,113,3949,3951,0.1,2,False,False,113,2 单环碳环,新高频 FG 类
19,5f87dd6,单卤代环烷 monohalo-cycloalkane：L2允许环上卤素+L3/L5省略位次,IUPAC P-61.3.1 / P-14.3.4 / P-22.1.1,2.8,114,3948,3949,0.0,1,False,False,114,2 单环碳环,其他
20,7f436cb,未取代单环一元伯胺 cycloalkanamine：L2环母体+L4胺碳定向+L5 cyclo…amine/环…胺,IUPAC P-62.2.1 / P-22.1.1,2.8,115,3947,3948,0.0,1,False,False,115,2 单环碳环,新高频 FG 类
21,35efadf,未取代单环一元烯烃 cycloalkene：L2环母体(拆ring_parent)+L4省略ene位次+L5 cyclo…ene/环…烯,IUPAC P-31.1 / P-22.1.1,2.9,117,3945,3947,0.1,2,False,False,117,2 单环碳环,新高频 FG 类
22,5a56ce2,多取代单环烷 polyalkyl-cycloalkane：L2放宽侧链数+L4环旋转最低位次集,IUPAC P-14.3.4 / P-22.1.1,2.9,118,3944,3945,0.0,1,False,False,118,2 单环碳环,其他
23,e4efd5d,"开链饱和二元醇 alkanediol：L2穿双OH碳+L4最低位次集+L5 …-a,b-diol/…-a,b-二醇",IUPAC P-63.1.1 / P-14.3.3,3.0,122,3940,3944,0.1,4,False,False,122,2 单环碳环,新高频 FG 类
24,63ee025,开链饱和二元羧酸 alkanedioic acid：L2穿双COOH碳+L5 oxalic/…dioic acid与草酸/X二酸,IUPAC P-65.1.1 / P-14.3.3,3.2,129,3933,3940,0.2,7,False,False,129,3 多官能/不饱和/N-杂,新高频 FG 类
25,1e91bc2,"开链多烯烃 polyene：L2穿全部C=C+L4多ene位次+L5 buta-1,3-diene/丁-1,3-二烯",IUPAC P-31.1 / P-14.3.3,3.2,131,3931,3933,0.0,2,False,False,131,3 多官能/不饱和/N-杂,其他
26,b95686a,"开链饱和二元伯胺 alkanediamine：L2穿双胺碳+L4多胺位次+L5 …-a,b-diamine/…-a,b-二胺",IUPAC P-62.2.1 / P-14.3.3,3.3,133,3929,3931,0.1,2,False,False,133,3 多官能/不饱和/N-杂,新高频 FG 类
27,e7f3c3d,"开链饱和二元酮 alkanedione：L2穿双酮碳+L4多酮位次+L5 …-a,b-dione/…-a,b-二酮",IUPAC P-64.2.1 / P-14.3.3,3.3,135,3927,3929,0.0,2,False,False,135,3 多官能/不饱和/N-杂,新高频 FG 类
28,10f356b,"开链饱和三元醇 alkanetriol：L2穿三OH碳+L4多OH位次+L5 …-a,b,c-triol/…-a,b,c-三醇",IUPAC P-63.1.1 / P-14.3.3,3.3,136,3926,3927,0.0,1,False,False,136,3 多官能/不饱和/N-杂,新高频 FG 类
29,333dde2,开链烷酰氯 alkanoyl chloride：L1酰氯检测+L2母体+L5 acetyl/…oyl chloride与乙酰氯/…酰氯,IUPAC P-65.5.1,3.4,139,3923,3926,0.1,3,False,False,139,3 多官能/不饱和/N-杂,母体形态变体
30,71c7c92,对称开链酸酐 alkanoic anhydride：L1酐桥检测+L2母体+L5 acetic/… anhydride与乙酸酐/…酸酐,IUPAC P-65.7.1,3.5,141,3921,3923,0.1,2,False,False,141,3 多官能/不饱和/N-杂,母体形态变体
31,a1193a0,开链一元硫醇 alkanethiol：L1 –SH检测+L2母体+L4位次+L5 methanethiol/ethanethiol与甲硫醇/乙硫醇,IUPAC P-63.1.5,3.5,142,3920,3921,0.0,1,False,False,142,3 多官能/不饱和/N-杂,新高频 FG 类
32,f4eec31,开链饱和羟基酸 hydroxyalkanoic acid：L3 提取 hydroxy 前缀+酸母体,IUPAC P-65.1.2,3.7,150,3912,3920,0.2,8,False,False,150,3 多官能/不饱和/N-杂,酸母体前缀提取
33,877dc54,开链饱和氨基酸 aminoalkanoic acid：L3 提取 amino 前缀+L5 酸保留取代基位次,IUPAC P-65.1.2,3.9,159,3903,3912,0.2,9,False,False,159,3 多官能/不饱和/N-杂,酸母体前缀提取
34,a3cd4b6,开链饱和酮酸 oxoalkanoic acid：L3 提取 oxo 前缀+酸母体,IUPAC P-65.1.2 / P-64.2,4.1,167,3895,3903,0.2,8,False,False,167,3 多官能/不饱和/N-杂,酸母体前缀提取
35,a598fd4,开链一元不饱和酸 alkenoic acid：L2链穿COOH+C=C+L4 ene位次+L5 …-n-enoic acid/…-n-烯酸（无E/Z）,IUPAC P-65.1.1 / P-31.1,4.2,169,3893,3895,0.1,2,False,False,169,3 多官能/不饱和/N-杂,正交特征组合
36,6fe9404,开链一元不饱和醛 alkenal：L2链穿醛碳+C=C+L4 ene位次+L5 …-n-enal/…-n-烯醛（无E/Z）,IUPAC P-66.6.1 / P-31.1,4.2,170,3892,3893,0.0,1,False,False,170,3 多官能/不饱和/N-杂,正交特征组合
37,5b42bd7,开链一元不饱和腈 alkenenitrile：L2链穿腈碳+C=C+L4 ene位次+L5 …-n-enenitrile/…-n-烯腈（无E/Z）,IUPAC P-66.5.1 / P-31.1,4.2,171,3891,3892,0.0,1,False,False,171,3 多官能/不饱和/N-杂,正交特征组合
38,5950cc9,开链一元不饱和醇 alkenol：L2链穿OH碳+C=C+L4 OH优先+ene位次+L5 …-n-en-m-ol/…-n-烯-m-醇（无E/Z）,IUPAC P-63.1.1 / P-31.1,4.2,172,3890,3891,0.0,1,False,False,172,3 多官能/不饱和/N-杂,正交特征组合
39,a9359dc,开链一元不饱和酯 alkenoate：L2链穿酯羰基+C=C+L4 ene位次+L5 methyl …-n-enoate/…-n-烯酸甲酯（无E/Z）,IUPAC P-65.6 / P-31.1,4.3,173,3889,3890,0.1,1,False,False,173,3 多官能/不饱和/N-杂,正交特征组合
40,4b9e12f,开链简单仲胺 N-alkylalkanamine：L1仲胺检测+L2较长侧母体+L3 N-烷基+L5 N-ethylethanamine/N-乙基乙胺,IUPAC P-62.2.2.1,4.3,174,3888,3889,0.0,1,False,False,174,3 多官能/不饱和/N-杂,其他
41,7dd2c64,"开链简单叔胺 N,N-dialkylalkanamine：L1叔胺检测+L2最长臂母体+L3两侧N-烷基+L5 N,N-diethylethanamine/N,N-二乙基乙胺",IUPAC P-62.2.2.1,4.3,175,3887,3888,0.0,1,False,False,175,3 多官能/不饱和/N-杂,其他
42,7fee636,开链简单N-取代酰胺：L1仲/叔酰胺检测(勿当醛)+L3 N-烷基+L5 N-methylacetamide/N-甲基乙酰胺,IUPAC P-66.1.1.1.3,4.4,178,3884,3887,0.1,3,False,False,178,3 多官能/不饱和/N-杂,其他
43,3df1d6b,开链简单二烷基醚：L1醚氧检测+L2对称/不对称母体+L5 diethyl ether/二乙醚与methoxyethane/甲氧基乙烷,IUPAC P-63.2.2,4.4,179,3883,3884,0.0,1,False,False,179,3 多官能/不饱和/N-杂,新高频 FG 类
44,6429c09,开链简单二烷基硫醚：L1二配位S(排亚砜/硫酯)+L2对称/不对称双臂母体+L5 dimethyl/ethyl methyl sulfide与二…硫醚/…基…基硫醚,IUPAC P-63.2.1,4.4,180,3882,3883,0.0,1,False,False,180,3 多官能/不饱和/N-杂,新高频 FG 类
45,8285645,简单苯母体：未取代/单卤/单C1–C2正烷基；toluene保留；`_pure_alkyl_outside`拒不饱和侧链,IUPAC P-22.1.3,4.6,187,3875,3882,0.2,7,False,False,187,3 多官能/不饱和/N-杂,保留母体+取代放宽
46,6b63d73,简单多取代苯：2–3环上卤/甲基；en xylene保留+位次；zh系统二甲基苯,IUPAC P-14.3.4 / P-22.1.3,4.8,196,3866,3875,0.2,9,False,False,196,4 苯系与芳 FG,保留母体+取代放宽
47,ee5881d,保留母体 phenol/aniline：环上≤2卤/甲基，FG=1；仲胺 c_idx 防 KeyError,IUPAC P-63.1.4 / P-62.2.1.1.1,5.0,205,3857,3866,0.2,9,False,False,205,4 苯系与芳 FG,保留母体+取代放宽
48,e422a3b,"未取代苯二酚：L2–L5 系统名 benzene-a,b-diol / 苯-a,b-二酚（1,2/1,3/1,4）",IUPAC P-63.1.2,5.1,208,3854,3857,0.1,3,False,False,208,4 苯系与芳 FG,其他
49,9a2042b,保留母体 benzoic acid/苯甲酸：环上≤2卤/甲基/羟基；COOH连接碳=1,IUPAC P-65.1.1.1,5.3,215,3847,3854,0.2,7,False,False,215,4 苯系与芳 FG,保留母体+取代放宽
50,77c8ca1,保留母体 benzaldehyde/苯甲醛：环上≤2卤/甲基/羟基；CHO连接碳=1,IUPAC P-66.6.1,5.4,218,3844,3847,0.1,3,False,False,218,4 苯系与芳 FG,保留母体+取代放宽
51,2ce5ae1,保留母体 acetophenone/苯乙酮：环上≤2卤/甲基/羟基；乙酰连接碳=1；抽 arene_carbonyl,IUPAC P-64.1.1,5.4,219,3843,3844,0.0,1,False,False,219,4 苯系与芳 FG,保留母体+取代放宽
52,974452a,硝基前缀 nitro：L1 检测 + 苯/酚/苯胺环上允许 + L3 前缀；nitromethane 顺带,IUPAC P-61.5.1,5.5,224,3838,3843,0.1,5,False,False,224,4 苯系与芳 FG,通用前缀贯通
53,15b936a,氨基酚：phenol 母体 + 环上伯胺 amino 前缀（OH 优先）,IUPAC P-63.1.4 / P-62.5,5.6,226,3836,3838,0.1,2,False,False,226,4 苯系与芳 FG,保留母体+取代放宽
54,686780c,芳环烷氧基 methoxy/ethoxy + anisole/苯甲醚,IUPAC P-63.2.2,5.7,230,3832,3836,0.1,4,False,False,230,4 苯系与芳 FG,通用前缀贯通
55,1ec3b38,开链不饱和二酸 alkenedioic：双COOH+单C=C；ene位次；(E/Z)前缀,IUPAC P-44 / P-31.1,5.7,233,3829,3832,0.0,3,False,False,233,4 苯系与芳 FG,正交特征组合
56,da485de,一元烯酸 alkenoic acid (E)/(Z) 前缀,IUPAC P-93.4 / P-31.1,5.8,236,3826,3829,0.1,3,False,False,236,4 苯系与芳 FG,正交特征组合
57,3483da7,单取代烷基苯 C1–C4 直链 + isopropyl；L2/L3 拓扑对齐,IUPAC P-29.3.1 / P-22.1.3,5.8,237,3825,3826,0.0,1,False,False,237,4 苯系与芳 FG,其他
58,9b62d50,保留 pyridine + 单甲基/单卤（N=1）+ pyridinecarboxylic,IUPAC P-22.2.1,5.9,240,3822,3825,0.1,3,False,False,240,4 苯系与芳 FG,单点保留环母体
59,bffd2c1,保留 monocyclic 杂芳：furan/thiophene/1H-pyrrole + 未取代 diazine(pyrimidine/pyrazine/pyridazine),IUPAC P-22.2.1,6.1,246,3816,3822,0.2,6,False,False,246,5 杂芳/稠环保留母体,单点保留环母体
60,cabb573,芳环 alkyl benzoate(C1–C16)+benzonitrile+benzoyl chloride,IUPAC P-65.6 / P-65.5.1 / P-66.5.1,6.2,253,3809,3816,0.1,7,False,False,253,5 杂芳/稠环保留母体,母体形态变体
61,f59b497,环烷甲酸 cycloalkanecarboxylic：未取代+环上单卤/单C1–C4,IUPAC P-65.1.1 / P-44,6.3,255,3807,3809,0.1,2,False,False,255,5 杂芳/稠环保留母体,其他
62,3044bde,吡啶胺/醇 pyridin-n-amine + pyridin-n-ol（N=1；可单卤/单甲基）,IUPAC P-62.2.1 / P-63.1.4,6.3,257,3805,3807,0.0,2,False,False,257,5 杂芳/稠环保留母体,其他
63,c6c56d6,架构升级：L2 候选收集+可组合 tuple 评分；tert-butyl 侧链+多烷基苯放宽+tert- 字母序贯通 L3/L4/L5,IUPAC P-44.1 / P-29.3.1 / P-14.5.2,6.4,258,3804,3805,0.1,1,True,False,258,5 杂芳/稠环保留母体,架构/registry
64,c1980a2,FG/ring 多候选生产者：类间独立 try + scoring 仲裁；retained_bonus 前移防 arene 酯回归,IUPAC P-44.1 / P-41,6.4,258,,,0.0,0,False,True,258,5 杂芳/稠环保留母体,架构/registry
65,1933556,保留母体 1H-imidazole（未取代+单甲基/单卤；NH=1、N=3）+ 1H- 组装连字符,IUPAC P-22.2.1,6.4,259,3803,3804,0.0,1,False,False,259,5 杂芳/稠环保留母体,保留母体+取代放宽
66,50ee52f,芳环保留 FG 母体环上简单取代上限 2→3 对齐 benzene,IUPAC P-14.3.4 / P-63.1.4 / P-65.1.1.1,6.6,269,3793,3803,0.2,10,False,False,269,5 杂芳/稠环保留母体,保留母体+取代放宽
67,766dd7e,芳环 –CF₃ 前缀 trifluoromethyl/三氟甲基（L2 拓扑+L3 提取+L5 en 括号）,IUPAC P-29.3.2.2 / P-14.3.4,6.7,273,3789,3793,0.1,4,False,False,273,5 杂芳/稠环保留母体,通用前缀贯通
68,f64c0d6,simple pyridine 环上取代对齐 benzene（alkoxy/nitro 门控）,IUPAC P-22.2.1,6.8,276,3786,3789,0.1,3,False,False,276,5 杂芳/稠环保留母体,通用前缀贯通
69,5652b1a,保留母体 naphthalene（未取代+单甲基/单卤；1–8 位次）,IUPAC P-22.1.1 / P-25,6.8,277,3785,3786,0.0,1,False,False,277,5 杂芳/稠环保留母体,保留母体+取代放宽
70,878ff39,简单开链 N-phenylalkanamide（L2 alkyl/phenyl meta + `_unsub_phenyl_at` + L3 n_phenyl）,IUPAC P-66.1.1.1.3,6.8,278,3784,3785,0.0,1,False,False,278,5 杂芳/稠环保留母体,其他
71,43b3eee,通用保留支化烷基 isobutyl/sec-butyl/neopentyl/isopentyl + sec- 字母序,IUPAC P-29.3 / P-29.6 / P-14.5,6.8,,,,0.0,-2,False,True,276,5 杂芳/稠环保留母体,通用前缀贯通
72,8964095,"保留母体 1H-pyrazole（1,2-diazole；NH=1/N=2；单甲基/单卤）",IUPAC P-22.2.1,6.9,279,3783,3784,0.1,1,False,False,279,5 杂芳/稠环保留母体,保留母体+取代放宽
73,e0c6e7f,保留母体 1H-indole（苯并,IUPAC P-22.2.1 / P-25,6.9,280,3782,3783,0.0,1,False,False,280,5 杂芳/稠环保留母体,保留母体+取代放宽
74,b5287d8,五元杂芳简单取代上限1→2（halo/methyl；含2-iodo-4-methyl-imidazole）,IUPAC P-14.3.4 / P-22.2.1,6.9,281,3781,3782,0.0,1,False,False,281,5 杂芳/稠环保留母体,保留母体+取代放宽
75,5ea08e4,pyridinecarboxylic 中文羧酸→甲酸（对齐 benzoic/cyclo/金标）,IUPAC P-65.1.1 / 中文,7.0,283,3779,3781,0.1,2,False,False,283,5 杂芳/稠环保留母体,保留母体+取代放宽
76,68195de,diazine 简单取代(halo/methyl/methoxy) + pyrimidinamine 母体,IUPAC P-22.2.1 / P-14.3.4 / P-62.2.1,7.0,285,3777,3779,0.0,2,False,False,285,5 杂芳/稠环保留母体,保留母体+取代放宽
77,6ca596e,饱和单环杂环母体(oxolane/aziridine/piperidine/morpholine等),IUPAC P-22.2.2 / P-22.2.3 / P-25,7.1,288,3774,3777,0.1,3,False,False,288,5 杂芳/稠环保留母体,单点保留环母体
78,e2f8d2a,芳环酸/醛/酮允许 amino/alkoxy/nitro 前缀,IUPAC P-65.1.1.1 / P-14.3.4 / P-61.5 / P-63.2.2,7.3,296,3766,3774,0.2,8,False,False,296,5 杂芳/稠环保留母体,通用前缀贯通
79,33a70e9,五元杂芳羧酸母体(furan/thiophene/pyrrole/imidazole/pyrazole),IUPAC P-65.1.1 / P-22.2.1,7.3,297,3765,3766,0.0,1,False,False,297,5 杂芳/稠环保留母体,单点保留环母体
80,8cd4b1e,pyridinecarbonitrile 母体(吡啶-n-甲腈),IUPAC P-66.5.1 / P-22.2.1,7.3,298,3764,3765,0.0,1,False,False,298,5 杂芳/稠环保留母体,单点保留环母体
81,2e8d793,保留母体 benzofuran（苯并呋喃；O=1；单甲基/单卤+2-胺）,IUPAC P-22.2.1 / P-25,7.4,299,3763,3764,0.1,1,False,False,299,5 杂芳/稠环保留母体,保留母体+取代放宽
82,5f85fcc,饱和单杂环羧酸母体(piperidine/pyrrolidine/piperazine等),IUPAC P-65.1.1 / P-22.2.2,7.4,301,3761,3763,0.0,2,False,False,301,5 杂芳/稠环保留母体,单点保留环母体
83,46a9f90,保留母体 1-benzothiophene（+ol）及 anisole 中文→甲氧基苯,IUPAC P-22.2.1 / P-25,7.5,304,3758,3761,0.1,3,False,False,304,5 杂芳/稠环保留母体,保留母体+取代放宽
84,c20d51b,保留母体 quinoline/isoquinoline（+ol/+carboxylic）,IUPAC P-22.2.1 / P-25,7.6,307,3755,3758,0.1,3,False,False,307,5 杂芳/稠环保留母体,保留母体+取代放宽
85,12aba3c,保留母体 1H-indazole（+carbonitrile/+carbaldehyde）,IUPAC P-22.2.1 / P-25,7.6,310,3752,3755,0.0,3,False,False,310,5 杂芳/稠环保留母体,保留母体+取代放宽
86,eba07a4,"保留母体 1,3-oxazole/1,3-thiazole（+hetero5 侧链放宽 n-alkyl C1–C2）",IUPAC P-22.2.1 / P-14.3.4,7.7,312,3750,3752,0.1,2,False,False,312,5 杂芳/稠环保留母体,保留母体+取代放宽
87,19609db,多取代苯上限3→4 + 苯二胺母体 + 多取代苯甲醚中文,IUPAC P-14.3.4 / P-62.2.1 / P-61.5,7.8,317,3745,3750,0.1,5,False,False,317,5 杂芳/稠环保留母体,保留母体+取代放宽
88,e30c41a,"保留母体 1,3-benzothiazole（+2-amine/CF3）",IUPAC P-22.2.1 / P-25 / P-62.2.1,7.8,318,3744,3745,0.0,1,False,False,318,5 杂芳/稠环保留母体,保留母体+取代放宽
89,b4f465a,芳环简单侧链扩展(ω-halo n-alkyl / 2-methoxyethoxy / quinoline halo+CF3),IUPAC P-29.3 / P-14.3.4 / P-22.2.1 / P-63.2.2,8.0,323,3739,3744,0.2,5,False,False,323,5 杂芳/稠环保留母体,单点保留环母体
90,82ed912,保留母体 1H-benzimidazole（+halo/methyl/CF3 + C2 胺/2-imino）,IUPAC P-22.2.1 / P-25 / P-62.2.1,8.0,324,3738,3739,0.0,1,False,False,324,5 杂芳/稠环保留母体,保留母体+取代放宽
91,82c88fd,递归取代基第一刀：depth=1 未取代/单卤 phenyl·phenoxy,IUPAC P-29.3 / P-14.3.1,8.0,326,3736,3738,0.0,2,False,False,326,5 杂芳/稠环保留母体,其他
92,cad0140,递归取代基第二刀：depth-1 phenyl/phenoxy→phenol/aniline/benzaldehyde/benzoic,IUPAC P-29.3 / P-63.1.4 / P-62.2.1 / P-66.6.1 / P-65.1.1.1,8.1,329,3733,3736,0.1,3,False,False,329,6 递归取代基,保留母体+取代放宽
93,29f4345,递归芳基广扩：多卤Ph/OPh≤3 + benzyl/benzyloxy + pyridine 多环aryl；FIX零卤N-Ph/混卤字母序/Bn nC=7,IUPAC P-29.3 / P-14.3.1 / P-22.2.1,8.1,329,,,0.0,0,False,True,329,6 递归取代基,单点保留环母体
94,8ee4837,"保留母体 1,3-benzoxazole（+halo/Me/CF3 + C2 胺）",IUPAC P-22.2.1 / P-25 / P-62.2.1,8.1,329,,,0.0,0,False,True,329,6 递归取代基,保留母体+取代放宽
95,313dd94,芳环线性 propoxy/butoxy + PEG k≤3 烷氧基（L2 walk/L3 名；防误选 hexane）,IUPAC P-63.2.2 / P-29.3,8.1,329,,,0.0,0,False,True,329,6 递归取代基,其他
96,005e2aa,2-methylbutan-2-yl 支链前缀 + simple cyclo 侧链必须可 claim,IUPAC P-29.3.2 / P-14.3.4,8.1,329,,,0.0,0,False,True,329,6 递归取代基,其他
97,520dfb8,monocyloalkyl 取代基 C3–C8 + 多环环烷母体挑选 C3–C10 + 1-cycloalkylethyl,IUPAC P-29.6 / P-22.1.1,8.1,329,,,0.0,0,False,True,329,6 递归取代基,其他
98,c0e619e,链上 sec-amine/acid 的 phenoxy（Ph 可卤+甲基；N-取代不占碳位次）,IUPAC P-29.3 / P-62.2 / P-65.1,8.1,330,,,0.0,1,False,False,330,6 递归取代基,其他
99,b2ef9bd,开链不进芳环；2-苄基丁二酸；2-,IUPAC P-29.3 / P-63.1 / P-65.1,8.3,336,,,0.2,6,False,False,336,6 递归取代基,其他
100,9eed8af,diazine/hetero5 多环挑选 + phenyl 侧链,IUPAC P-22.2.1 / P-29.3,8.4,340,,,0.1,4,False,False,340,6 递归取代基,单点保留环母体
101,12c0279,multi-ring fused56 + benzimidazole phenyl 侧链,IUPAC P-22.2.1 / P-29.3,8.4,340,,,0.0,0,True,True,340,6 递归取代基,架构/registry
102,85b8ce0,递归取代基 depth=2：Ph臂 alkoxy/nitro/CF3 叶,IUPAC P-29.3 / P-14.3.1,8.4,343,3719,3722,0.0,3,False,False,343,6 递归取代基,通用前缀贯通
103,9636b18,depth-2 hydroxy/amino 叶 + 脂肪 poly-FG 过滤,IUPAC P-29.3 / P-63.1 / P-62.2,8.6,348,3714,3719,0.2,5,False,False,348,6 递归取代基,其他
104,e6fe524,depth-2 propoxy/butoxy + 嵌套未取代 Ph 叶；酚OH不抢脂肪胺母体,IUPAC P-29.3,8.6,348,,,0.0,0,False,True,348,6 递归取代基,其他
105,50c8d97,真递归芳基取代基 namer（depth≤3）：嵌套 Ph/OPh 可再带叶,IUPAC P-29.3 / P-14.3.1,8.6,349,3713,3714,0.0,1,False,False,349,6 递归取代基,其他
106,fc5b107,LeafHandler registry：protocol+match/name；complex 先于 simple；name_ph_ring 只组装,架构,8.7,352,3710,3713,0.1,3,True,False,352,6 递归取代基,架构/registry
107,0027734,registry 叶 n-alkyl/MeS/cyano + 嵌套苄基；Ar-CN 不作链腈母体,IUPAC P-29.3,8.6,351,,,-0.1,-1,True,False,351,6 递归取代基,其他
108,60bbca7,仲胺优先芳基臂+claim Ph；酯前缀插在烷基与酰基间,IUPAC P-62.2.2.1 / P-29.3,8.7,355,3707,3711,0.1,4,False,False,355,6 递归取代基,其他
109,9892a4f,开链 FG walk 不进环；claim 环己基/哌啶基侧链,IUPAC P-44 / P-29.6,8.8,357,3705,3707,0.1,2,False,False,357,6 递归取代基,其他
110,2c2cb25,酰胺 N-苄基 claim（非 N-methyl）,IUPAC P-66.1.1.1.3 / P-29.3,8.8,357,,,0.0,0,False,True,357,6 递归取代基,其他
111,ba93df4,ring_systems 融合分量 + retained_registry 骨架,架构 P0,8.8,357,,,0.0,0,True,True,357,7 架构加固,架构/registry
112,bf2a956,未取代 pyridin-n-yl 开链侧链,IUPAC P-29 P2,8.8,357,,,0.0,0,False,True,357,7 架构加固,其他
113,87257c0,pyridinyl 简单叶 halo/Me/alkoxy,IUPAC P-29 P2,8.8,358,,,0.0,1,False,False,358,7 架构加固,通用前缀贯通
114,e467488,未取代 naphthalen-n-yl 开链侧链,IUPAC P-29 P2,8.8,358,,,0.0,0,False,True,358,7 架构加固,其他
115,1f4962e,未取代 anthracene 母体（ring_systems 线性666）,IUPAC P-25 P1,8.8,358,,,0.0,0,False,True,358,7 架构加固,单点保留环母体
116,e0958ae,未取代 quinazoline 母体,IUPAC P-22.2.1 P1,8.8,358,,,0.0,0,False,True,358,7 架构加固,单点保留环母体
117,5687602,未取代 quinoxaline 母体,IUPAC P-22.2.1 P1,8.8,358,,,0.0,0,False,True,358,7 架构加固,单点保留环母体
118,e73150a,ParentKind/kind_registry：scoring+L5 词表单一权威源,架构 Kind 注册表,8.8,358,,,0.0,0,True,True,358,7 架构加固,架构/registry
119,64c6cd0,环内O/S/N勿作开链ether/amine/sulfide母体(_hetero_open_chain),IUPAC P-22.2.2,8.9,360,,,0.1,2,False,False,360,7 架构加固,其他
120,594de1b,环母体 _RING_TRY 迁入 kind_registry.ring_try_fns,架构 ring_producers,8.9,360,,,0.0,0,True,True,360,7 架构加固,架构/registry
121,a93115b,Fused56MonoSpec 引擎；benzofuran/benzothiophene 薄封装,架构 fused56 数据化,8.9,360,,,0.0,0,True,True,360,7 架构加固,架构/registry
122,cc3288b,开链词干 C11–C35：C11–19 半系统表 + C20+ 程序 compose；zh_stem 替换 zh,IUPAC P-14.2.1,9.9,402,3660,3702,1.0,42,False,False,402,8 词干 C11–C35,词干/词表批量扩展
123,9120ff9,羧酸根C(=O),IUPAC P-65.1.1 / P-72.2.2.1,10.5,426,3636,3660,0.6,24,False,False,426,9 阴离子/不饱和贯通,母体形态变体
124,5f6a8f7,"开链alkenol：修L2早返回+polyalkenol+E/Z(2E,6Z)",IUPAC P-63.1.1 / P-31.1 / P-93.4,10.6,431,3631,3636,0.1,5,False,False,431,9 阴离子/不饱和贯通,正交特征组合
125,37f21a2,羟基烯酸：ALKENOIC 允许OH前缀+链盖OH碳+多烯；stereo前缀在取代基前,IUPAC P-65.1.2 / P-31.1 / P-93.4,11.1,452,3610,3631,0.5,21,False,False,452,9 阴离子/不饱和贯通,正交特征组合
126,7f5af8d,烯酸前缀 amino/oxo：ALKENOIC_BAD 放行+prefix_alkenoic 通用模块,IUPAC P-65.1.2 / P-31.1,11.3,458,3604,3610,0.2,6,False,False,458,9 阴离子/不饱和贯通,正交特征组合
